Workbook

Sheet Combat System Notes (Cam) 
A1: time | B1: red | C1: ATK | D1: atk dmg | E1: more atk less interactions
A2: distance | B2: yellow | C2: DEF | D2: dmg reduction | E2: more def more interactions
B3: green | C3: SPD | D3: distance per tick | E3: more spd less time wasted
B4: blue | C4: STA | D4: time before atk | E4: more sta less time wasted
A7: time as units = time unit
A8: distance as units = m
E13: trigger conditions | H13: how movement? | I13: default move towards opponent
A14: Starting Position, 10m away from each other | D14: atks have: | E14: startup | I14: how fast? based on spd, more spd = more distance per tick
A15: What happens every tick? | E15: endlag
A16: check if can do any attacks | E16: dmg
A17: if can attack, then attack | E17: effects
A18: if cannot attack, then move
D21: trigger conditions (base atk): | E21: distance
A24: if not hit in current tick | B24: move | C24: if strategy is offensive | D24: move forward until right next to opponent | F24: prioritize attacks being in range | I24: close distance, minimal time loss before action
D25: move backwards during opp attack startup
D26: stay put when
C28: if strategy is balanced | D28: move forward until self base atk tip range | F28: prioritize evasion while being able to land attacks | I28: mid distance, balanced time loss before action
D29: move backwards when within self base atk tip range
D30: stay put when
C32: if strategy is defensive | D32: move forwards when action available | F32: prioritize having actions before initiating | I32: far distance, high time loss before action
D33: move backward until action goal is hit
D34: stay put when
A36: if hit in current tick | B36: try attack | C36: if can attack | D36: use attack
C37: if cannot because | D37: out of range | E37: save action for next tick, initiate move instead
D38: in hitstun | E38: save action for next tick
A41: basic attacks come out at set/random intervals
A42: techniques:
A43: - rng activation with condition checks | C43: STA = 5 - rng roll
A44: atks should have range | C44: Action Goal = 50
A45: - has cooldown | C45: Base Tick = 0.1s
C46: Player action = 0
C47: every 0.1s, add 5 to player action
A48: technique priority based on loadout arrangement | C48: once player action hits >= 50, player gets to do an action (specifically for basic attacks or rng techniques?)
A52: Potential mechanics:
A53: stay put and moving back = defend? | C53: solid, lets us capitalize more on defense
A54: move forward = increase action goal rate by spd? | C54: debatable, less likely
A55: if both chars are in range for their basic atks, clash regardless of action goal? | B55: how to determine clash winner for something like this? | C55: i want things to happen more frequently, and random, no answer to this yet | E55: potential answer: both clashers choose from their technique pool
A56: CLASHING
A59: Affinity:
A60: increases chance of proccing techniques
A61: low affinity causes disobedience?
A62: other special effects: | B62: crits?
B63: survive with 1hp
B64: trigger followup technique (skip action goal)
B65: trigger evasive technique (skip action goal)
B68: special events: | C68: low hp insta ult against rival?

Sheet Game flow chart
A1: Battle prototype game process flow | D1: Relevant Stats
A2: Test | D2: Speed | E2: Sta | F2: Attk | G2: Def | H2: Hp
A3: P1 | B3: Tyran Rex | D3: 5m/t | E3: 5 | F3: 5 | G3: 5 | H3: 50
A4: P2 | B4: Sastrei Taurus | D4: 5m/t | E4: 5 | F4: 5 | G4: 5 | H4: 50
A6: Tyran Rex | D6: Spawn distance between char is 100 | F6: Action goal is 50 | G6: attk range 5m
A7: Strategy | B7: Offensive | F7: Attk startup | G7: 1
B8: Offensive char only attk when the distance between both chars is <=3m | F8: Attk active | G8: 1
A9: Sastrei Taurus | F9: Attk recovery | G9: 1
A10: Strategy | B10: Offensive | F10: Attk dmg | G10: 5
B11: Offensive char only attk when the distance between both chars is <= 3m | F11: Hitstun | G11: 3
F12: Blow back | G12: 5m
A15: Game Tick | B15: Action Played | C15: Type of actions | D15: Condition of actions | E15: Notes | F15: 100
A16: 0 | B16: Both player spawns in | C16: System | D16: Universal | E16: always happens at the start of the game
B17: Both roll to determine STA roll | C17: System | D17: Universal | E17: always happens at the start of the game
B18: P1 roll 5 | C18: System | D18: Universal | E18: always happens at the start of the game
B19: P2 roll 4 | C19: System | D19: Universal | E19: always happens at the start of the game
E20: P1 HP 50
E21: P2 HP 50
E22: Distance between both char is 100m | F22: =F15 -> 100
A24: 1 | B24: P1 gain 5 towards action goal | C24: System | D24: Offensive Strategy | E24: ="action goal is " & A24*5 &"/50" -> action goal is 5/50 | F24: =F22 -> 100
B25: P1 Check for P2 distance | C25: Char Checks | D25: Universal | E25: ="Distance between both char is " & F24 & "m" -> Distance between both char is 100m
B26: P1 check action goal to check are they able to attk | C26: Char Checks | D26: Universal | E26: ="action goal is " & A24*5 &"/50, P1 cannot attk" -> action goal is 5/50, P1 cannot attk
B27: P1 checks own attk range relative to P2 | C27: Char Checks | D27: Universal | E27: ="Attk range 5, Distance between both char is " &F24&"m" -> Attk range 5, Distance between both char is 100m
B28: P1 don’t attk | C28: Char Decisions | D28: Offensive Strategy | E28: P1 cannot attk and also attk is not in range
B29: Move Towards P2 5 unit | C29: Char Decisions | D29: Offensive Strategy | E29: P1 move because cannot attk, distance between -5m | F29: -5
B30: P2 gain 4 towards action goal | C30: System | D30: Offensive Strategy | E30: ="action goal is " & A24*4 &"/50" -> action goal is 4/50
B31: P2 Check for P1 distance | C31: Char Checks | D31: Universal | E31: ="Distance between both char is " & F24 & "m" -> Distance between both char is 100m
B32: P2 check action goal to check are they able to attk | C32: Char Checks | D32: Universal | E32: ="action goal is " & A24*4 &"/50, P2 cannot attk" -> action goal is 4/50, P2 cannot attk
B33: P2 checks own attk range relative to P1 | C33: Char Checks | D33: Universal | E33: ="Attk range 5, Distance between both char is " &F24&"m" -> Attk range 5, Distance between both char is 100m
B34: P2 don’t attk | C34: Char Decisions | D34: Offensive Strategy | E34: P2 cannot attk and also attk is not in range
B35: Move Towards P1 5 unit | C35: Char Decisions | D35: Offensive Strategy | E35: P2 move because cannot attk, distance between -5m | F35: -5
E36: P1 HP 50
E37: P2 HP 50
E38: ="Distance between both char is " & F24+F29+F35 &"m" -> Distance between both char is 90m | F38: =F24+F29+F35 -> 90
A40: 2 | B40: P1 gain 5 towards action goal | C40: System | D40: Offensive Strategy | E40: ="action goal is " & A40*5 &"/50" -> action goal is 10/50 | F40: =F38 -> 90
B41: P1 Check for P2 distance | C41: Char Checks | D41: Universal | E41: ="Distance between both char is " & F40 & "m" -> Distance between both char is 90m
B42: P1 check action goal to check are they able to attk | C42: Char Checks | D42: Universal | E42: ="action goal is " & A40*5 &"/50, P1 cannot attk" -> action goal is 10/50, P1 cannot attk
B43: P1 checks own attk range relative to P2 | C43: Char Checks | D43: Universal | E43: ="Attk range 5, Distance between both char is " &F40&"m" -> Attk range 5, Distance between both char is 90m
B44: P1 don’t attk | C44: Char Decisions | D44: Offensive Strategy | E44: P1 cannot attk and also attk is not in range
B45: Move Towards P2 5 unit | C45: Char Decisions | D45: Offensive Strategy | E45: P1 move because cannot attk, distance between -5m | F45: -5
B46: P2 gain 4 towards action goal | C46: System | D46: Offensive Strategy | E46: ="action goal is " & A40*4 &"/50" -> action goal is 8/50
B47: P2 Check for P1 distance | C47: Char Checks | D47: Universal | E47: ="Distance between both char is " & F40 & "m" -> Distance between both char is 90m
B48: P2 check action goal to check are they able to attk | C48: Char Checks | D48: Universal | E48: ="action goal is " & A40*4 &"/50, P2 cannot attk" -> action goal is 8/50, P2 cannot attk
B49: P2 checks own attk range relative to P1 | C49: Char Checks | D49: Universal | E49: ="Attk range 5, Distance between both char is " &F40&"m" -> Attk range 5, Distance between both char is 90m
B50: P2 don’t attk | C50: Char Decisions | D50: Offensive Strategy | E50: P2 cannot attk and also attk is not in range
B51: Move Towards P1 5 unit | C51: Char Decisions | D51: Offensive Strategy | E51: P2 move because cannot attk, distance between -5m | F51: -5
E52: P1 HP 50
E53: P2 HP 50
E54: ="Distance between both char is " & F40+F45+F51 &"m" -> Distance between both char is 80m | F54: =F40+F45+F51 -> 80
A56: 3 | B56: P1 gain 5 towards action goal | C56: System | D56: Offensive Strategy | E56: ="action goal is " & A56*5 &"/50" -> action goal is 15/50 | F56: =F54 -> 80
B57: P1 Check for P2 distance | C57: Char Checks | D57: Universal | E57: ="Distance between both char is " & F56 & "m" -> Distance between both char is 80m
B58: P1 check action goal to check are they able to attk | C58: Char Checks | D58: Universal | E58: ="action goal is " & A56*5 &"/50, P1 cannot attk" -> action goal is 15/50, P1 cannot attk
B59: P1 checks own attk range relative to P2 | C59: Char Checks | D59: Universal | E59: ="Attk range 5, Distance between both char is " &F56&"m" -> Attk range 5, Distance between both char is 80m
B60: P1 don’t attk | C60: Char Decisions | D60: Offensive Strategy | E60: P1 cannot attk and also attk is not in range
B61: Move Towards P2 5 unit | C61: Char Decisions | D61: Offensive Strategy | E61: P1 move because cannot attk, distance between -5m | F61: -5
B62: P2 gain 4 towards action goal | C62: System | D62: Offensive Strategy | E62: ="action goal is " & A56*4 &"/50" -> action goal is 12/50
B63: P2 Check for P1 distance | C63: Char Checks | D63: Universal | E63: ="Distance between both char is " & F56 & "m" -> Distance between both char is 80m
B64: P2 check action goal to check are they able to attk | C64: Char Checks | D64: Universal | E64: ="action goal is " & A56*4 &"/50, P2 cannot attk" -> action goal is 12/50, P2 cannot attk
B65: P2 checks own attk range relative to P1 | C65: Char Checks | D65: Universal | E65: ="Attk range 5, Distance between both char is " &F56&"m" -> Attk range 5, Distance between both char is 80m
B66: P2 don’t attk | C66: Char Decisions | D66: Offensive Strategy | E66: P2 cannot attk and also attk is not in range
B67: Move Towards P1 5 unit | C67: Char Decisions | D67: Offensive Strategy | E67: P2 move because cannot attk, distance between -5m | F67: -5
E68: P1 HP 50
E69: P2 HP 50
E70: ="Distance between both char is " & F56+F61+F67 &"m" -> Distance between both char is 70m | F70: =F56+F61+F67 -> 70
A72: 4 | B72: P1 gain 5 towards action goal | C72: System | D72: Offensive Strategy | E72: ="action goal is " & A72*5 &"/50" -> action goal is 20/50 | F72: =F70 -> 70
B73: P1 Check for P2 distance | C73: Char Checks | D73: Universal | E73: ="Distance between both char is " & F72 & "m" -> Distance between both char is 70m
B74: P1 check action goal to check are they able to attk | C74: Char Checks | D74: Universal | E74: ="action goal is " & A72*5 &"/50, P1 cannot attk" -> action goal is 20/50, P1 cannot attk
B75: P1 checks own attk range relative to P2 | C75: Char Checks | D75: Universal | E75: ="Attk range 5, Distance between both char is " &F72&"m" -> Attk range 5, Distance between both char is 70m
B76: P1 don’t attk | C76: Char Decisions | D76: Offensive Strategy | E76: P1 cannot attk and also attk is not in range
B77: Move Towards P2 5 unit | C77: Char Decisions | D77: Offensive Strategy | E77: P1 move because cannot attk, distance between -5m | F77: -5
B78: P2 gain 4 towards action goal | C78: System | D78: Offensive Strategy | E78: ="action goal is " & A72*4 &"/50" -> action goal is 16/50
B79: P2 Check for P1 distance | C79: Char Checks | D79: Universal | E79: ="Distance between both char is " & F72 & "m" -> Distance between both char is 70m
B80: P2 check action goal to check are they able to attk | C80: Char Checks | D80: Universal | E80: ="action goal is " & A72*4 &"/50, P2 cannot attk" -> action goal is 16/50, P2 cannot attk
B81: P2 checks own attk range relative to P1 | C81: Char Checks | D81: Universal | E81: ="Attk range 5, Distance between both char is " &F72&"m" -> Attk range 5, Distance between both char is 70m
B82: P2 don’t attk | C82: Char Decisions | D82: Offensive Strategy | E82: P2 cannot attk and also attk is not in range
B83: Move Towards P1 5 unit | C83: Char Decisions | D83: Offensive Strategy | E83: P2 move because cannot attk, distance between -5m | F83: -5
E84: P1 HP 50
E85: P2 HP 50
E86: ="Distance between both char is " & F72+F77+F83 &"m" -> Distance between both char is 60m | F86: =F72+F77+F83 -> 60
A88: 5 | B88: P1 gain 5 towards action goal | C88: System | D88: Offensive Strategy | E88: ="action goal is " & A88*5 &"/50" -> action goal is 25/50 | F88: =F86 -> 60
B89: P1 Check for P2 distance | C89: Char Checks | D89: Universal | E89: ="Distance between both char is " & F88 & "m" -> Distance between both char is 60m
B90: P1 check action goal to check are they able to attk | C90: Char Checks | D90: Universal | E90: ="action goal is " & A88*5 &"/50, P1 cannot attk" -> action goal is 25/50, P1 cannot attk
B91: P1 checks own attk range relative to P2 | C91: Char Checks | D91: Universal | E91: ="Attk range 5, Distance between both char is " &F88&"m" -> Attk range 5, Distance between both char is 60m
B92: P1 don’t attk | C92: Char Decisions | D92: Offensive Strategy | E92: P1 cannot attk and also attk is not in range
B93: Move Towards P2 5 unit | C93: Char Decisions | D93: Offensive Strategy | E93: P1 move because cannot attk, distance between -5m | F93: -5
B94: P2 gain 4 towards action goal | C94: System | D94: Offensive Strategy | E94: ="action goal is " & A88*4 &"/50" -> action goal is 20/50
B95: P2 Check for P1 distance | C95: Char Checks | D95: Universal | E95: ="Distance between both char is " & F88 & "m" -> Distance between both char is 60m
B96: P2 check action goal to check are they able to attk | C96: Char Checks | D96: Universal | E96: ="action goal is " & A88*4 &"/50, P2 cannot attk" -> action goal is 20/50, P2 cannot attk
B97: P2 checks own attk range relative to P1 | C97: Char Checks | D97: Universal | E97: ="Attk range 5, Distance between both char is " &F88&"m" -> Attk range 5, Distance between both char is 60m
B98: P2 don’t attk | C98: Char Decisions | D98: Offensive Strategy | E98: P2 cannot attk and also attk is not in range
B99: Move Towards P1 5 unit | C99: Char Decisions | D99: Offensive Strategy | E99: P2 move because cannot attk, distance between -5m | F99: -5
E100: P1 HP 50
E101: P2 HP 50
E102: ="Distance between both char is " & F88+F93+F99 &"m" -> Distance between both char is 50m | F102: =F88+F93+F99 -> 50
A104: 6 | B104: P1 gain 5 towards action goal | C104: System | D104: Offensive Strategy | E104: ="action goal is " & A104*5 &"/50" -> action goal is 30/50 | F104: =F102 -> 50
B105: P1 Check for P2 distance | C105: Char Checks | D105: Universal | E105: ="Distance between both char is " & F104 & "m" -> Distance between both char is 50m
B106: P1 check action goal to check are they able to attk | C106: Char Checks | D106: Universal | E106: ="action goal is " & A104*5 &"/50, P1 cannot attk" -> action goal is 30/50, P1 cannot attk
B107: P1 checks own attk range relative to P2 | C107: Char Checks | D107: Universal | E107: ="Attk range 5, Distance between both char is " &F104&"m" -> Attk range 5, Distance between both char is 50m
B108: P1 don’t attk | C108: Char Decisions | D108: Offensive Strategy | E108: P1 cannot attk and also attk is not in range
B109: Move Towards P2 5 unit | C109: Char Decisions | D109: Offensive Strategy | E109: P1 move because cannot attk, distance between -5m | F109: -5
...

Sheet back up
A1: P1 gain 5 towards action goal | B1: System | C1: Offensive Strategy | D1: ="action goal is " & 'Game flow chart'!A40*5 &"/50" -> action goal is 10/50
A2: P1 Check for P2 distance | B2: Char Checks | C2: Universal | D2: Distance between both char is 90m
A3: P1 check action goal to check are they able to attk | B3: Char Checks | C3: Universal | D3: action goal is 10/50, P1 cannot attk
A4: P1 checks own attk range relative to P2 | B4: Char Checks | C4: Universal | D4: Attk range 5, Distance between both char is 90m
A5: P1 don’t attk | B5: Char Decisions | C5: Offensive Strategy | D5: P1 cannot attk and also attk is not in range
A6: Move Towards P2 5 unit | B6: Char Decisions | C6: Offensive Strategy | D6: P1 move because cannot attk, distance between -5m
A7: P2 gain 4 towards action goal | B7: System | C7: Offensive Strategy | D7: ="action goal is " & 'Game flow chart'!A40*4 &"/50" -> action goal is 8/50
A8: P2 Check for P1 distance | B8: Char Checks | C8: Universal | D8: Distance between both char is 90m
A9: P2 check action goal to check are they able to attk | B9: Char Checks | C9: Universal | D9: action goal is 8/50, P2 cannot attk
A10: P2 checks own attk range relative to P1 | B10: Char Checks | C10: Universal | D10: Attk range 5, Distance between both char is 90m
A11: P2 don’t attk | B11: Char Decisions | C11: Offensive Strategy | D11: P2 cannot attk and also attk is not in range
A12: Move Towards P1 5 unit | B12: Char Decisions | C12: Offensive Strategy | D12: P2 move because cannot attk, distance between -5m
D13: P1 HP 50
D14: P2 HP 50
D15: Distance between both char is [90-5-5]=80m
A17: P1 gain 5 towards action goal | B17: System | C17: Offensive Strategy | D17: ="action goal is " & 'Game flow chart'!A56*5 &"/50" -> action goal is 15/50
A18: P1 Check for P2 distance | B18: Char Checks | C18: Universal | D18: Distance between both char is 80m
A19: P1 check action goal to check are they able to attk | B19: Char Checks | C19: Universal | D19: action goal is 10/50, P1 cannot attk
A20: P1 checks own attk range relative to P2 | B20: Char Checks | C20: Universal | D20: Attk range 5, Distance between both char is 80m
A21: P1 don’t attk | B21: Char Decisions | C21: Offensive Strategy | D21: P1 cannot attk and also attk is not in range
A22: Move Towards P2 5 unit | B22: Char Decisions | C22: Offensive Strategy | D22: P1 move because cannot attk, distance between -5m
A23: P2 gain 4 towards action goal | B23: System | C23: Offensive Strategy | D23: ="action goal is " & 'Game flow chart'!A56*4 &"/50" -> action goal is 12/50
A24: P2 Check for P1 distance | B24: Char Checks | C24: Universal | D24: Distance between both char is 80m
A25: P2 check action goal to check are they able to attk | B25: Char Checks | C25: Universal | D25: action goal is 12/50, P2 cannot attk
A26: P2 checks own attk range relative to P1 | B26: Char Checks | C26: Universal | D26: Attk range 5, Distance between both char is 80m
A27: P2 don’t attk | B27: Char Decisions | C27: Offensive Strategy | D27: P2 cannot attk and also attk is not in range
A28: Move Towards P1 5 unit | B28: Char Decisions | C28: Offensive Strategy | D28: P2 move because cannot attk, distance between -5m
D29: P1 HP 50
D30: P2 HP 50
D31: Distance between both char is [80-5-5]=70m
A33: P1 gain 5 towards action goal | B33: System | C33: Offensive Strategy | D33: ="action goal is " & 'Game flow chart'!A72*5 &"/50" -> action goal is 20/50
A34: P1 Check for P2 distance | B34: Char Checks | C34: Universal | D34: Distance between both char is 70m
A35: P1 check action goal to check are they able to attk | B35: Char Checks | C35: Universal | D35: action goal is 20/50, P1 cannot attk
A36: P1 checks own attk range relative to P2 | B36: Char Checks | C36: Universal | D36: Attk range 5, Distance between both char is 70m
A37: P1 don’t attk | B37: Char Decisions | C37: Offensive Strategy | D37: P1 cannot attk and also attk is not in range
A38: Move Towards P2 5 unit | B38: Char Decisions | C38: Offensive Strategy | D38: P1 move because cannot attk, distance between -5m
A39: P2 gain 4 towards action goal | B39: System | C39: Offensive Strategy | D39: ="action goal is " & 'Game flow chart'!A72*4 &"/50" -> action goal is 16/50
A40: P2 Check for P1 distance | B40: Char Checks | C40: Universal | D40: Distance between both char is 70m
A41: P2 check action goal to check are they able to attk | B41: Char Checks | C41: Universal | D41: action goal is 16/50, P2 cannot attk
A42: P2 checks own attk range relative to P1 | B42: Char Checks | C42: Universal | D42: Attk range 5, Distance between both char is 70m
A43: P2 don’t attk | B43: Char Decisions | C43: Offensive Strategy | D43: P2 cannot attk and also attk is not in range
A44: Move Towards P1 5 unit | B44: Char Decisions | C44: Offensive Strategy | D44: P2 move because cannot attk, distance between -5m
D45: P1 HP 50
D46: P2 HP 50
D47: Distance between both char is [70-5-5]=60m
A49: P1 gain 5 towards action goal | B49: System | C49: Offensive Strategy | D49: ="action goal is " & 'Game flow chart'!A88*5 &"/50" -> action goal is 25/50
A50: P1 Check for P2 distance | B50: Char Checks | C50: Universal | D50: Distance between both char is 60m
A51: P1 check action goal to check are they able to attk | B51: Char Checks | C51: Universal | D51: action goal is 25/50, P1 cannot attk
A52: P1 checks own attk range relative to P2 | B52: Char Checks | C52: Universal | D52: Attk range 5, Distance between both char is 60m
A53: P1 don’t attk | B53: Char Decisions | C53: Offensive Strategy | D53: P1 cannot attk and also attk is not in range
A54: Move Towards P2 5 unit | B54: Char Decisions | C54: Offensive Strategy | D54: P1 move because cannot attk, distance between -5m
A55: P2 gain 4 towards action goal | B55: System | C55: Offensive Strategy | D55: ="action goal is " & 'Game flow chart'!A88*4 &"/50" -> action goal is 20/50
A56: P2 Check for P1 distance | B56: Char Checks | C56: Universal | D56: Distance between both char is 60m
A57: P2 check action goal to check are they able to attk | B57: Char Checks | C57: Universal | D57: action goal is 20/50, P2 cannot attk
A58: P2 checks own attk range relative to P1 | B58: Char Checks | C58: Universal | D58: Attk range 5, Distance between both char is 60m
A59: P2 don’t attk | B59: Char Decisions | C59: Offensive Strategy | D59: P2 cannot attk and also attk is not in range
A60: Move Towards P1 5 unit | B60: Char Decisions | C60: Offensive Strategy | D60: P2 move because cannot attk, distance between -5m
D61: P1 HP 50
D62: P2 HP 50
D63: Distance between both char is [60-5-5]=50m
A65: P1 gain 5 towards action goal | B65: System | C65: Offensive Strategy | D65: ="action goal is " & 'Game flow chart'!A104*5 &"/50" -> action goal is 30/50
A66: P1 Check for P2 distance | B66: Char Checks | C66: Universal | D66: Distance between both char is 50m
A67: P1 check action goal to check are they able to attk | B67: Char Checks | C67: Universal | D67: action goal is 30/50, P1 cannot attk
A68: P1 checks own attk range relative to P2 | B68: Char Checks | C68: Universal | D68: Attk range 5, Distance between both char is 50m
A69: P1 don’t attk | B69: Char Decisions | C69: Offensive Strategy | D69: P1 cannot attk and also attk is not in range
A70: Move Towards P2 5 unit | B70: Char Decisions | C70: Offensive Strategy | D70: P1 move because cannot attk, distance between -5m
A71: P2 gain 4 towards action goal | B71: System | C71: Offensive Strategy | D71: ="action goal is " & 'Game flow chart'!A104*4 &"/50" -> action goal is 24/50
A72: P2 Check for P1 distance | B72: Char Checks | C72: Universal | D72: Distance between both char is 50m
A73: P2 check action goal to check are they able to attk | B73: Char Checks | C73: Universal | D73: action goal is 24/50, P2 cannot attk
A74: P2 checks own attk range relative to P1 | B74: Char Checks | C74: Universal | D74: Attk range 5, Distance between both char is 50m
A75: P2 don’t attk | B75: Char Decisions | C75: Offensive Strategy | D75: P2 cannot attk and also attk is not in range
A76: Move Towards P1 5 unit | B76: Char Decisions | C76: Offensive Strategy | D76: P2 move because cannot attk, distance between -5m
D77: P1 HP 50
D78: P2 HP 50
D79: Distance between both char is [50-5-5]=40m
A81: P1 gain 5 towards action goal | B81: System | C81: Offensive Strategy | D81: ="action goal is " & 'Game flow chart'!A120*5 &"/50" -> action goal is 35/50
A82: P1 Check for P2 distance | B82: Char Checks | C82: Universal | D82: Distance between both char is 40m
A83: P1 check action goal to check are they able to attk | B83: Char Checks | C83: Universal | D83: action goal is 35/50, P1 cannot attk
A84: P1 checks own attk range relative to P2 | B84: Char Checks | C84: Universal | D84: Attk range 5, Distance between both char is 40m
A85: P1 don’t attk | B85: Char Decisions | C85: Offensive Strategy | D85: P1 cannot attk and also attk is not in range
A86: Move Towards P2 5 unit | B86: Char Decisions | C86: Offensive Strategy | D86: P1 move because cannot attk, distance between -5m
A87: P2 gain 4 towards action goal | B87: System | C87: Offensive Strategy | D87: ="action goal is " & 'Game flow chart'!A120*4 &"/50" -> action goal is 28/50
A88: P2 Check for P1 distance | B88: Char Checks | C88: Universal | D88: Distance between both char is 40m
A89: P2 check action goal to check are they able to attk | B89: Char Checks | C89: Universal | D89: action goal is 28/50, P2 cannot attk
A90: P2 checks own attk range relative to P1 | B90: Char Checks | C90: Universal | D90: Attk range 5, Distance between both char is 40m
A91: P2 don’t attk | B91: Char Decisions | C91: Offensive Strategy | D91: P2 cannot attk and also attk is not in range
A92: Move Towards P1 5 unit | B92: Char Decisions | C92: Offensive Strategy | D92: P2 move because cannot attk, distance between -5m
D93: P1 HP 50
D94: P2 HP 50
D95: Distance between both char is [40-5-5]=30m
A97: P1 gain 5 towards action goal | B97: System | C97: Offensive Strategy | D97: ="action goal is " & 'Game flow chart'!A136*5 &"/50" -> action goal is 40/50
A98: P1 Check for P2 distance | B98: Char Checks | C98: Universal | D98: Distance between both char is 40m
A99: P1 check action goal to check are they able to attk | B99: Char Checks | C99: Universal | D99: ="action goal is " & 'Game flow chart'!A136*5 &"/50, P1 cannot attk" -> action goal is 40/50, P1 cannot attk
A100: P1 checks own attk range relative to P2 | B100: Char Checks | C100: Universal | D100: Attk range 5, Distance between both char is 40m
A101: P1 don’t attk | B101: Char Decisions | C101: Offensive Strategy | D101: P1 cannot attk and also attk is not in range
A102: Move Towards P2 5 unit | B102: Char Decisions | C102: Offensive Strategy | D102: P1 move because cannot attk, distance between -5m
A103: P2 gain 4 towards action goal | B103: System | C103: Offensive Strategy | D103: ="action goal is " & 'Game flow chart'!A136*4 &"/50" -> action goal is 32/50
A104: P2 Check for P1 distance | B104: Char Checks | C104: Universal | D104: Distance between both char is 40m
A105: P2 check action goal to check are they able to attk | B105: Char Checks | C105: Universal | D105: ="action goal is " & 'Game flow chart'!A136*5 &"/50, P2 cannot attk" -> action goal is 40/50, P2 cannot attk
A106: P2 checks own attk range relative to P1 | B106: Char Checks | C106: Universal | D106: Attk range 5, Distance between both char is 40m
...

Sheet Player actions on BG analysis
A1: Player Actions (Board): | B1: What does it do | H1: char attributes | I1: what they do
A2: roll dice | B2: determines available landing spots | H2: pmagic | I2: hp
A3: choose landing spot | B3: diff landing spots = diff effects | H3: affinity | I3: unlock inconsistent effects and new paths to greater power
A4: camp -> train | B4: learn new techniques, - pmagic | H4: technique list
A5: camp -> forage | B5: - pmagic, get ingredients and maybe techniques
A6: camp -> cook | B6: use ingredients to get benefits
A7: camp -> barter | B7: trade useless ingredients to get what you need next turn
A8: crossroads event - rival meet -> interact | B8: something good or bad could happen between you and the rival, good example: get technique, bad example: ??? | F8: crossroad events trigger by chance or by landing on a crossroad
A9: crossroads event - rival meet -> challenge | B9: battle, win -> get techniques, lose -> KO but not game over
A10: crossroads event - rival meet -> leave | B10: lets you avoid bad situations

Sheet Sheet2
A1: Offensive | B1: Offensive | C1: (action goal diff)
A2: Nuetral
A3: run towards each other
A4: they reach other but both not hit action goal | E4: (one person reach action goal and start attk, both hit action goal)
A5: one reach action goal before hitting distance check | F5: (continue running until in range of the strategy)
A7: Advantage and disadvantage
A8: If one hit both dist and AG checks, they attk first | F8: opponent see startup they move back (intention to block when attk will land)
A9: attk active | F9: if attk lands, opponent will block
A10: attk recovery | F10: oppenent in block stun
A12: If clash | F12: both attk active frame hitbox hit each other
A17: clash formula
A18: (P2atk stat+ P2 def stat)/(P1atk stat+P1def stat)+(P2atk stat+ P2 def stat)x100=P2 percentage of winning clash (weight when coin toss)
A20: if win clash, opponent knocked back and gets stun until they get hit again

Sheet Dino Exp MU
B1: trex O | C1: trex B | D1: trex D | E1: Carno O | F1: Carno B | G1: Carno D | H1: Fukui O | I1: Fukui B | J1: Fukui D | K1: Armaga O | L1: Armaga B | M1: Armaga D
A2: trex O | B2: 5-5 | C2: 6-4 | D2: 7-3 | E2: 7-3 | F2: 6-4 | G2: 5-5 | H2: 7-3 | I2: 5-5 | J2: 3-7 | K2: 8-2 | L2: 6-4 | M2: 5-5
A3: trex B | B3: 4-6 | C3: 5-5 | D3: 6-4 | E3: 6-4 | F3: 3-7 | G3: 4-6 | H3: 6-4 | I3: 4-6 | J3: 2-8 | K3: 6-4 | L3: 4-6 | M3: 3-7
A4: trex D | B4: 3-7 | C4: 4-6 | D4: 5-5 | E4: 4-6 | F4: 2-8 | G4: 5-5 | H4: 4-6 | I4: 3-7 | J4: 1-9 | K4: 5-5 | L4: 4-6 | M4: 2-8
A5: Carno O | B5: 3-7 | C5: 4-6 | D5: 6-4 | E5: 5-5 | F5: 3-7 | G5: 4-6 | H5: 6-4 | I5: 7-3 | J5: 5-5 | K5: 7-3 | L5: 6-4 | M5: 4-6
A6: Carno B | B6: 4-6 | C6: 7-3 | D6: 8-2 | E6: 7-3 | F6: 5-5 | G6: 6-4 | H6: 7-3 | I6: 6-4 | J6: 4-6 | K6: 7-3 | L6: 5-5 | M6: 4-6
A7: Carno D | B7: 5-5 | C7: 6-4 | D7: 5-5 | E7: 6-4 | F7: 4-6 | G7: 5-5 | H7: 6-4 | I7: 4-6 | J7: 3-7 | K7: 5-5 | L7: 4-6 | M7: 3-7
A8: Fukui O | B8: 3-7 | C8: 5-5 | D8: 7-3 | E8: 4-6 | F8: 3-7 | G8: 4-6 | H8: 5-5 | I8: 4-6 | J8: 3-7 | K8: 5-5 | L8: 4-6 | M8: 6-4
A9: Fukui B | B9: 5-5 | C9: 6-4 | D9: 7-3 | E9: 3-7 | F9: 4-6 | G9: 6-4 | H9: 6-4 | I9: 5-5 | J9: 4-6 | K9: 7-3 | L9: 5-5 | M9: 6-4
A10: Fukui D | B10: 7-3 | C10: 8-2 | D10: 9-1 | E10: 5-5 | F10: 6-4 | G10: 7-3 | H10: 7-3 | I10: 6-4 | J10: 5-5 | K10: 8-2 | L10: 4-6 | M10: 7-3
A11: Armaga O | B11: 8-2 | C11: 6-4 | D11: 5-5 | E11: 5-5 | F11: 3-7 | G11: 3-7 | H11: 5-5 | I11: 5-5 | J11: 2-8 | K11: 5-5 | L11: 6-4 | M11: 7-3
A12: Armaga B | B12: 4-6 | C12: 6-4 | D12: 6-4 | E12: 4-6 | F12: 5-5 | G12: 6-4 | H12: 6-4 | I12: 5-5 | J12: 6-4 | K12: 4-6 | L12: 5-5 | M12: 6-4
A13: Armaga D | B13: 5-5 | C13: 7-3 | D13: 8-2 | E13: 6-4 | F13: 6-4 | G13: 7-3 | H13: 4-6 | I13: 4-6 | J13: 3-7 | K13: 3-7 | L13: 4-6 | M13: 5-5
C17: Expected MU when they fight only with basic attk
L20: d
A21: most ideal strat
A22: eh strat
A23: worst strat
